sector,subsector,indicator_name,date,region_state,value,unit,frequency,source,notes
national_income,constant prices (2022-23),1. PFCE,2022-06-01,All India,3439803.17701671,INR crore,quarterly,Quarterly Estimates of Gross Domestic Product (At Constant Prices) New Series (Base _ 2022-23).xlsx,
national_income,constant prices (2022-23),1. PFCE,2022-09-01,All India,3369229.15051318,INR crore,quarterly,Quarterly Estimates of Gross Domestic Product (At Constant Prices) New Series (Base _ 2022-23).xlsx,
national_income,constant prices (2022-23),1. PFCE,2022-12-01,All India,3967915.55638211,INR crore,quarterly,Quarterly Estimates of Gross Domestic Product (At Constant Prices) New Series (Base _ 2022-23).xlsx,
national_income,constant prices (2022-23),1. PFCE,2023-03-01,All India,4145880.45919231,INR crore,quarterly,Quarterly Estimates of Gross Domestic Product (At Constant Prices) New Series (Base _ 2022-23).xlsx,
national_income,constant prices (2022-23),1. PFCE,2023-06-01,All India,3660130.79175497,INR crore,quarterly,Quarterly Estimates of Gross Domestic Product (At Constant Prices) New Series (Base _ 2022-23).xlsx,
national_income,constant prices (2022-23),1. PFCE,2023-09-01,All India,3547025.1863664,INR crore,quarterly,Quarterly Estimates of Gross Domestic Product (At Constant Prices) New Series (Base _ 2022-23).xlsx,
national_income,constant prices (2022-23),1. PFCE,2023-12-01,All India,4182409.51329233,INR crore,quarterly,Quarterly Estimates of Gross Domestic Product (At Constant Prices) New Series (Base _ 2022-23).xlsx,
national_income,constant prices (2022-23),1. PFCE,2024-03-01,All India,4395691.04667788,INR crore,quarterly,Quarterly Estimates of Gross Domestic Product (At Constant Prices) New Series (Base _ 2022-23).xlsx,
national_income,constant prices (2022-23),1. PFCE,2024-06-01,All India,3882450.66244069,INR crore,quarterly,Quarterly Estimates of Gross Domestic Product (At Constant Prices) New Series (Base _ 2022-23).xlsx,
national_income,constant prices (2022-23),1. PFCE,2024-09-01,All India,3744336.22856026,INR crore,quarterly,Quarterly Estimates of Gross Domestic Product (At Constant Prices) New Series (Base _ 2022-23).xlsx,
national_income,constant prices (2022-23),1. PFCE,2024-12-01,All India,4431992.71654626,INR crore,quarterly,Quarterly Estimates of Gross Domestic Product (At Constant Prices) New Series (Base _ 2022-23).xlsx,
national_income,constant prices (2022-23),1. PFCE,2025-03-01,All India,4641071.27636244,INR crore,quarterly,Quarterly Estimates of Gross Domestic Product (At Constant Prices) New Series (Base _ 2022-23).xlsx,
national_income,constant prices (2022-23),1. PFCE,2025-06-01,All India,4219737.91235328,INR crore,quarterly,Quarterly Estimates of Gross Domestic Product (At Constant Prices) New Series (Base _ 2022-23).xlsx,
national_income,constant prices (2022-23),1. PFCE,2025-09-01,All India,4012153.21793076,INR crore,quarterly,Quarterly Estimates of Gross Domestic Product (At Constant Prices) New Series (Base _ 2022-23).xlsx,
national_income,constant prices (2022-23),1. PFCE,2025-12-01,All India,4793357.95024905,INR crore,quarterly,Quarterly Estimates of Gross Domestic Product (At Constant Prices) New Series (Base _ 2022-23).xlsx,
national_income,constant prices (2022-23),1. PFCE,2026-03-01,All India,4968621.98935339,INR crore,quarterly,Quarterly Estimates of Gross Domestic Product (At Constant Prices) New Series (Base _ 2022-23).xlsx,
national_income,constant prices (2022-23),2. GFCE,2022-06-01,All India,759251.821207227,INR crore,quarterly,Quarterly Estimates of Gross Domestic Product (At Constant Prices) New Series (Base _ 2022-23).xlsx,
national_income,constant prices (2022-23),2. GFCE,2022-09-01,All India,732126.771698504,INR crore,quarterly,Quarterly Estimates of Gross Domestic Product (At Constant Prices) New Series (Base _ 2022-23).xlsx,
national_income,constant prices (2022-23),2. GFCE,2022-12-01,All India,711941.503497788,INR crore,quarterly,Quarterly Estimates of Gross Domestic Product (At Constant Prices) New Series (Base _ 2022-23).xlsx,
national_income,constant prices (2022-23),2. GFCE,2023-03-01,All India,687590.205356697,INR crore,quarterly,Quarterly Estimates of Gross Domestic Product (At Constant Prices) New Series (Base _ 2022-23).xlsx,
national_income,constant prices (2022-23),2. GFCE,2023-06-01,All India,758504.3700735,INR crore,quarterly,Quarterly Estimates of Gross Domestic Product (At Constant Prices) New Series (Base _ 2022-23).xlsx,
national_income,constant prices (2022-23),2. GFCE,2023-09-01,All India,725776.846115165,INR crore,quarterly,Quarterly Estimates of Gross Domestic Product (At Constant Prices) New Series (Base _ 2022-23).xlsx,
national_income,constant prices (2022-23),2. GFCE,2023-12-01,All India,718535.567821348,INR crore,quarterly,Quarterly Estimates of Gross Domestic Product (At Constant Prices) New Series (Base _ 2022-23).xlsx,
national_income,constant prices (2022-23),2. GFCE,2024-03-01,All India,704834.974462887,INR crore,quarterly,Quarterly Estimates of Gross Domestic Product (At Constant Prices) New Series (Base _ 2022-23).xlsx,
national_income,constant prices (2022-23),2. GFCE,2024-06-01,All India,815389.88933748,INR crore,quarterly,Quarterly Estimates of Gross Domestic Product (At Constant Prices) New Series (Base _ 2022-23).xlsx,
national_income,constant prices (2022-23),2. GFCE,2024-09-01,All India,776535.803079562,INR crore,quarterly,Quarterly Estimates of Gross Domestic Product (At Constant Prices) New Series (Base _ 2022-23).xlsx,
national_income,constant prices (2022-23),2. GFCE,2024-12-01,All India,773140.515777188,INR crore,quarterly,Quarterly Estimates of Gross Domestic Product (At Constant Prices) New Series (Base _ 2022-23).xlsx,
national_income,constant prices (2022-23),2. GFCE,2025-03-01,All India,730504.080784836,INR crore,quarterly,Quarterly Estimates of Gross Domestic Product (At Constant Prices) New Series (Base _ 2022-23).xlsx,
national_income,constant prices (2022-23),2. GFCE,2025-06-01,All India,862344.712448542,INR crore,quarterly,Quarterly Estimates of Gross Domestic Product (At Constant Prices) New Series (Base _ 2022-23).xlsx,
national_income,constant prices (2022-23),2. GFCE,2025-09-01,All India,827652.703265659,INR crore,quarterly,Quarterly Estimates of Gross Domestic Product (At Constant Prices) New Series (Base _ 2022-23).xlsx,
national_income,constant prices (2022-23),2. GFCE,2025-12-01,All India,808707.683777963,INR crore,quarterly,Quarterly Estimates of Gross Domestic Product (At Constant Prices) New Series (Base _ 2022-23).xlsx,
national_income,constant prices (2022-23),2. GFCE,2026-03-01,All India,766176.609540436,INR crore,quarterly,Quarterly Estimates of Gross Domestic Product (At Constant Prices) New Series (Base _ 2022-23).xlsx,
national_income,constant prices (2022-23),3. GFCF,2022-06-01,All India,2006738.27934646,INR crore,quarterly,Quarterly Estimates of Gross Domestic Product (At Constant Prices) New Series (Base _ 2022-23).xlsx,
national_income,constant prices (2022-23),3. GFCF,2022-09-01,All India,2082406.61511433,INR crore,quarterly,Quarterly Estimates of Gross Domestic Product (At Constant Prices) New Series (Base _ 2022-23).xlsx,
national_income,constant prices (2022-23),3. GFCF,2022-12-01,All India,2131191.5997918,INR crore,quarterly,Quarterly Estimates of Gross Domestic Product (At Constant Prices) New Series (Base _ 2022-23).xlsx,
national_income,constant prices (2022-23),3. GFCF,2023-03-01,All India,2233169.41780192,INR crore,quarterly,Quarterly Estimates of Gross Domestic Product (At Constant Prices) New Series (Base _ 2022-23).xlsx,
national_income,constant prices (2022-23),3. GFCF,2023-06-01,All India,2167214.88673946,INR crore,quarterly,Quarterly Estimates of Gross Domestic Product (At Constant Prices) New Series (Base _ 2022-23).xlsx,
national_income,constant prices (2022-23),3. GFCF,2023-09-01,All India,2266332.8998021,INR crore,quarterly,Quarterly Estimates of Gross Domestic Product (At Constant Prices) New Series (Base _ 2022-23).xlsx,
national_income,constant prices (2022-23),3. GFCF,2023-12-01,All India,2263287.29760914,INR crore,quarterly,Quarterly Estimates of Gross Domestic Product (At Constant Prices) New Series (Base _ 2022-23).xlsx,
national_income,constant prices (2022-23),3. GFCF,2024-03-01,All India,2369797.8689461,INR crore,quarterly,Quarterly Estimates of Gross Domestic Product (At Constant Prices) New Series (Base _ 2022-23).xlsx,
national_income,constant prices (2022-23),3. GFCF,2024-06-01,All India,2308812.69113423,INR crore,quarterly,Quarterly Estimates of Gross Domestic Product (At Constant Prices) New Series (Base _ 2022-23).xlsx,
national_income,constant prices (2022-23),3. GFCF,2024-09-01,All India,2414907.6543353,INR crore,quarterly,Quarterly Estimates of Gross Domestic Product (At Constant Prices) New Series (Base _ 2022-23).xlsx,
national_income,constant prices (2022-23),3. GFCF,2024-12-01,All India,2406170.66923944,INR crore,quarterly,Quarterly Estimates of Gross Domestic Product (At Constant Prices) New Series (Base _ 2022-23).xlsx,
national_income,constant prices (2022-23),3. GFCF,2025-03-01,All India,2517900.84985859,INR crore,quarterly,Quarterly Estimates of Gross Domestic Product (At Constant Prices) New Series (Base _ 2022-23).xlsx,
national_income,constant prices (2022-23),3. GFCF,2025-06-01,All India,2421122.56983806,INR crore,quarterly,Quarterly Estimates of Gross Domestic Product (At Constant Prices) New Series (Base _ 2022-23).xlsx,
national_income,constant prices (2022-23),3. GFCF,2025-09-01,All India,2618767.73887498,INR crore,quarterly,Quarterly Estimates of Gross Domestic Product (At Constant Prices) New Series (Base _ 2022-23).xlsx,
national_income,constant prices (2022-23),3. GFCF,2025-12-01,All India,2604635.21861548,INR crore,quarterly,Quarterly Estimates of Gross Domestic Product (At Constant Prices) New Series (Base _ 2022-23).xlsx,
national_income,constant prices (2022-23),3. GFCF,2026-03-01,All India,2790273.17838221,INR crore,quarterly,Quarterly Estimates of Gross Domestic Product (At Constant Prices) New Series (Base _ 2022-23).xlsx,
national_income,constant prices (2022-23),4. Change in Stock,2022-06-01,All India,38840.7107169644,INR crore,quarterly,Quarterly Estimates of Gross Domestic Product (At Constant Prices) New Series (Base _ 2022-23).xlsx,
national_income,constant prices (2022-23),4. Change in Stock,2022-09-01,All India,29980.6995464992,INR crore,quarterly,Quarterly Estimates of Gross Domestic Product (At Constant Prices) New Series (Base _ 2022-23).xlsx,
national_income,constant prices (2022-23),4. Change in Stock,2022-12-01,All India,42149.5673005829,INR crore,quarterly,Quarterly Estimates of Gross Domestic Product (At Constant Prices) New Series (Base _ 2022-23).xlsx,
national_income,constant prices (2022-23),4. Change in Stock,2023-03-01,All India,62399.4144401691,INR crore,quarterly,Quarterly Estimates of Gross Domestic Product (At Constant Prices) New Series (Base _ 2022-23).xlsx,
national_income,constant prices (2022-23),4. Change in Stock,2023-06-01,All India,82919.1662464195,INR crore,quarterly,Quarterly Estimates of Gross Domestic Product (At Constant Prices) New Series (Base _ 2022-23).xlsx,
national_income,constant prices (2022-23),4. Change in Stock,2023-09-01,All India,90329.7801368551,INR crore,quarterly,Quarterly Estimates of Gross Domestic Product (At Constant Prices) New Series (Base _ 2022-23).xlsx,
national_income,constant prices (2022-23),4. Change in Stock,2023-12-01,All India,97354.0732593839,INR crore,quarterly,Quarterly Estimates of Gross Domestic Product (At Constant Prices) New Series (Base _ 2022-23).xlsx,
national_income,constant prices (2022-23),4. Change in Stock,2024-03-01,All India,105409.047599242,INR crore,quarterly,Quarterly Estimates of Gross Domestic Product (At Constant Prices) New Series (Base _ 2022-23).xlsx,
national_income,constant prices (2022-23),4. Change in Stock,2024-06-01,All India,98092.8439693813,INR crore,quarterly,Quarterly Estimates of Gross Domestic Product (At Constant Prices) New Series (Base _ 2022-23).xlsx,
national_income,constant prices (2022-23),4. Change in Stock,2024-09-01,All India,88950.4566384203,INR crore,quarterly,Quarterly Estimates of Gross Domestic Product (At Constant Prices) New Series (Base _ 2022-23).xlsx,
national_income,constant prices (2022-23),4. Change in Stock,2024-12-01,All India,96257.6436585092,INR crore,quarterly,Quarterly Estimates of Gross Domestic Product (At Constant Prices) New Series (Base _ 2022-23).xlsx,
national_income,constant prices (2022-23),4. Change in Stock,2025-03-01,All India,99272.3833511598,INR crore,quarterly,Quarterly Estimates of Gross Domestic Product (At Constant Prices) New Series (Base _ 2022-23).xlsx,
national_income,constant prices (2022-23),4. Change in Stock,2025-06-01,All India,103689.868374047,INR crore,quarterly,Quarterly Estimates of Gross Domestic Product (At Constant Prices) New Series (Base _ 2022-23).xlsx,
national_income,constant prices (2022-23),4. Change in Stock,2025-09-01,All India,98693.7852434127,INR crore,quarterly,Quarterly Estimates of Gross Domestic Product (At Constant Prices) New Series (Base _ 2022-23).xlsx,
national_income,constant prices (2022-23),4. Change in Stock,2025-12-01,All India,110392.370282751,INR crore,quarterly,Quarterly Estimates of Gross Domestic Product (At Constant Prices) New Series (Base _ 2022-23).xlsx,
national_income,constant prices (2022-23),4. Change in Stock,2026-03-01,All India,109544.328501544,INR crore,quarterly,Quarterly Estimates of Gross Domestic Product (At Constant Prices) New Series (Base _ 2022-23).xlsx,
national_income,constant prices (2022-23),5. Valuables,2022-06-01,All India,101423.193711937,INR crore,quarterly,Quarterly Estimates of Gross Domestic Product (At Constant Prices) New Series (Base _ 2022-23).xlsx,
national_income,constant prices (2022-23),5. Valuables,2022-09-01,All India,119249.947190736,INR crore,quarterly,Quarterly Estimates of Gross Domestic Product (At Constant Prices) New Series (Base _ 2022-23).xlsx,
national_income,constant prices (2022-23),5. Valuables,2022-12-01,All India,80572.3349538257,INR crore,quarterly,Quarterly Estimates of Gross Domestic Product (At Constant Prices) New Series (Base _ 2022-23).xlsx,
national_income,constant prices (2022-23),5. Valuables,2023-03-01,All India,59422.787934825,INR crore,quarterly,Quarterly Estimates of Gross Domestic Product (At Constant Prices) New Series (Base _ 2022-23).xlsx,
national_income,constant prices (2022-23),5. Valuables,2023-06-01,All India,73247.6578319714,INR crore,quarterly,Quarterly Estimates of Gross Domestic Product (At Constant Prices) New Series (Base _ 2022-23).xlsx,
national_income,constant prices (2022-23),5. Valuables,2023-09-01,All India,82572.1497631443,INR crore,quarterly,Quarterly Estimates of Gross Domestic Product (At Constant Prices) New Series (Base _ 2022-23).xlsx,
national_income,constant prices (2022-23),5. Valuables,2023-12-01,All India,87447.9460889597,INR crore,quarterly,Quarterly Estimates of Gross Domestic Product (At Constant Prices) New Series (Base _ 2022-23).xlsx,
national_income,constant prices (2022-23),5. Valuables,2024-03-01,All India,83779.0400857316,INR crore,quarterly,Quarterly Estimates of Gross Domestic Product (At Constant Prices) New Series (Base _ 2022-23).xlsx,
national_income,constant prices (2022-23),5. Valuables,2024-06-01,All India,53690.7686613008,INR crore,quarterly,Quarterly Estimates of Gross Domestic Product (At Constant Prices) New Series (Base _ 2022-23).xlsx,
national_income,constant prices (2022-23),5. Valuables,2024-09-01,All India,123355.539890997,INR crore,quarterly,Quarterly Estimates of Gross Domestic Product (At Constant Prices) New Series (Base _ 2022-23).xlsx,
national_income,constant prices (2022-23),5. Valuables,2024-12-01,All India,100112.472778468,INR crore,quarterly,Quarterly Estimates of Gross Domestic Product (At Constant Prices) New Series (Base _ 2022-23).xlsx,
national_income,constant prices (2022-23),5. Valuables,2025-03-01,All India,56223.4860637507,INR crore,quarterly,Quarterly Estimates of Gross Domestic Product (At Constant Prices) New Series (Base _ 2022-23).xlsx,
national_income,constant prices (2022-23),5. Valuables,2025-06-01,All India,38175.8112761538,INR crore,quarterly,Quarterly Estimates of Gross Domestic Product (At Constant Prices) New Series (Base _ 2022-23).xlsx,
national_income,constant prices (2022-23),5. Valuables,2025-09-01,All India,88322.1886918102,INR crore,quarterly,Quarterly Estimates of Gross Domestic Product (At Constant Prices) New Series (Base _ 2022-23).xlsx,
national_income,constant prices (2022-23),5. Valuables,2025-12-01,All India,97291.0992571895,INR crore,quarterly,Quarterly Estimates of Gross Domestic Product (At Constant Prices) New Series (Base _ 2022-23).xlsx,
national_income,constant prices (2022-23),5. Valuables,2026-03-01,All India,79421.2488053633,INR crore,quarterly,Quarterly Estimates of Gross Domestic Product (At Constant Prices) New Series (Base _ 2022-23).xlsx,
national_income,constant prices (2022-23),6. Exports,2022-06-01,All India,1552102.99880309,INR crore,quarterly,Quarterly Estimates of Gross Domestic Product (At Constant Prices) New Series (Base _ 2022-23).xlsx,
national_income,constant prices (2022-23),6. Exports,2022-09-01,All India,1565200.98518211,INR crore,quarterly,Quarterly Estimates of Gross Domestic Product (At Constant Prices) New Series (Base _ 2022-23).xlsx,
national_income,constant prices (2022-23),6. Exports,2022-12-01,All India,1555596.24174828,INR crore,quarterly,Quarterly Estimates of Gross Domestic Product (At Constant Prices) New Series (Base _ 2022-23).xlsx,
national_income,constant prices (2022-23),6. Exports,2023-03-01,All India,1605821.74304045,INR crore,quarterly,Quarterly Estimates of Gross Domestic Product (At Constant Prices) New Series (Base _ 2022-23).xlsx,
national_income,constant prices (2022-23),6. Exports,2023-06-01,All India,1512529.69635505,INR crore,quarterly,Quarterly Estimates of Gross Domestic Product (At Constant Prices) New Series (Base _ 2022-23).xlsx,
national_income,constant prices (2022-23),6. Exports,2023-09-01,All India,1533635.00795486,INR crore,quarterly,Quarterly Estimates of Gross Domestic Product (At Constant Prices) New Series (Base _ 2022-23).xlsx,
national_income,constant prices (2022-23),6. Exports,2023-12-01,All India,1568847.54314642,INR crore,quarterly,Quarterly Estimates of Gross Domestic Product (At Constant Prices) New Series (Base _ 2022-23).xlsx,
national_income,constant prices (2022-23),6. Exports,2024-03-01,All India,1708228.60169018,INR crore,quarterly,Quarterly Estimates of Gross Domestic Product (At Constant Prices) New Series (Base _ 2022-23).xlsx,
national_income,constant prices (2022-23),6. Exports,2024-06-01,All India,1623177.79120653,INR crore,quarterly,Quarterly Estimates of Gross Domestic Product (At Constant Prices) New Series (Base _ 2022-23).xlsx,
national_income,constant prices (2022-23),6. Exports,2024-09-01,All India,1581337.04556203,INR crore,quarterly,Quarterly Estimates of Gross Domestic Product (At Constant Prices) New Series (Base _ 2022-23).xlsx,
national_income,constant prices (2022-23),6. Exports,2024-12-01,All India,1732985.13928335,INR crore,quarterly,Quarterly Estimates of Gross Domestic Product (At Constant Prices) New Series (Base _ 2022-23).xlsx,
national_income,constant prices (2022-23),6. Exports,2025-03-01,All India,1800495.81438779,INR crore,quarterly,Quarterly Estimates of Gross Domestic Product (At Constant Prices) New Series (Base _ 2022-23).xlsx,
national_income,constant prices (2022-23),6. Exports,2025-06-01,All India,1729935.48967688,INR crore,quarterly,Quarterly Estimates of Gross Domestic Product (At Constant Prices) New Series (Base _ 2022-23).xlsx,
national_income,constant prices (2022-23),6. Exports,2025-09-01,All India,1734503.73265538,INR crore,quarterly,Quarterly Estimates of Gross Domestic Product (At Constant Prices) New Series (Base _ 2022-23).xlsx,
national_income,constant prices (2022-23),6. Exports,2025-12-01,All India,1834194.34642608,INR crore,quarterly,Quarterly Estimates of Gross Domestic Product (At Constant Prices) New Series (Base _ 2022-23).xlsx,
national_income,constant prices (2022-23),6. Exports,2026-03-01,All India,1866284.33251685,INR crore,quarterly,Quarterly Estimates of Gross Domestic Product (At Constant Prices) New Series (Base _ 2022-23).xlsx,
national_income,constant prices (2022-23),7. Imports,2022-06-01,All India,1643253.05197904,INR crore,quarterly,Quarterly Estimates of Gross Domestic Product (At Constant Prices) New Series (Base _ 2022-23).xlsx,
national_income,constant prices (2022-23),7. Imports,2022-09-01,All India,1745479.37851167,INR crore,quarterly,Quarterly Estimates of Gross Domestic Product (At Constant Prices) New Series (Base _ 2022-23).xlsx,
national_income,constant prices (2022-23),7. Imports,2022-12-01,All India,1745025.94634697,INR crore,quarterly,Quarterly Estimates of Gross Domestic Product (At Constant Prices) New Series (Base _ 2022-23).xlsx,
national_income,constant prices (2022-23),7. Imports,2023-03-01,All India,1828618.2539934,INR crore,quarterly,Quarterly Estimates of Gross Domestic Product (At Constant Prices) New Series (Base _ 2022-23).xlsx,
national_income,constant prices (2022-23),7. Imports,2023-06-01,All India,1713937.34759441,INR crore,quarterly,Quarterly Estimates of Gross Domestic Product (At Constant Prices) New Series (Base _ 2022-23).xlsx,
national_income,constant prices (2022-23),7. Imports,2023-09-01,All India,1778989.38605878,INR crore,quarterly,Quarterly Estimates of Gross Domestic Product (At Constant Prices) New Series (Base _ 2022-23).xlsx,
national_income,constant prices (2022-23),7. Imports,2023-12-01,All India,1746150.38577743,INR crore,quarterly,Quarterly Estimates of Gross Domestic Product (At Constant Prices) New Series (Base _ 2022-23).xlsx,
national_income,constant prices (2022-23),7. Imports,2024-03-01,All India,1651414.51009174,INR crore,quarterly,Quarterly Estimates of Gross Domestic Product (At Constant Prices) New Series (Base _ 2022-23).xlsx,
national_income,constant prices (2022-23),7. Imports,2024-06-01,All India,1855814.27826747,INR crore,quarterly,Quarterly Estimates of Gross Domestic Product (At Constant Prices) New Series (Base _ 2022-23).xlsx,
national_income,constant prices (2022-23),7. Imports,2024-09-01,All India,1860646.65628186,INR crore,quarterly,Quarterly Estimates of Gross Domestic Product (At Constant Prices) New Series (Base _ 2022-23).xlsx,
national_income,constant prices (2022-23),7. Imports,2024-12-01,All India,1797075.27764976,INR crore,quarterly,Quarterly Estimates of Gross Domestic Product (At Constant Prices) New Series (Base _ 2022-23).xlsx,
national_income,constant prices (2022-23),7. Imports,2025-03-01,All India,1742658.38141145,INR crore,quarterly,Quarterly Estimates of Gross Domestic Product (At Constant Prices) New Series (Base _ 2022-23).xlsx,
national_income,constant prices (2022-23),7. Imports,2025-06-01,All India,1986225.76863343,INR crore,quarterly,Quarterly Estimates of Gross Domestic Product (At Constant Prices) New Series (Base _ 2022-23).xlsx,
national_income,constant prices (2022-23),7. Imports,2025-09-01,All India,1972120.09425173,INR crore,quarterly,Quarterly Estimates of Gross Domestic Product (At Constant Prices) New Series (Base _ 2022-23).xlsx,
national_income,constant prices (2022-23),7. Imports,2025-12-01,All India,1927126.2032631,INR crore,quarterly,Quarterly Estimates of Gross Domestic Product (At Constant Prices) New Series (Base _ 2022-23).xlsx,
national_income,constant prices (2022-23),7. Imports,2026-03-01,All India,1776402.86639983,INR crore,quarterly,Quarterly Estimates of Gross Domestic Product (At Constant Prices) New Series (Base _ 2022-23).xlsx,
national_income,constant prices (2022-23),8. Discrepancies,2022-06-01,All India,-95186.7014003545,INR crore,quarterly,Quarterly Estimates of Gross Domestic Product (At Constant Prices) New Series (Base _ 2022-23).xlsx,
national_income,constant prices (2022-23),8. Discrepancies,2022-09-01,All India,-91357.7959151557,INR crore,quarterly,Quarterly Estimates of Gross Domestic Product (At Constant Prices) New Series (Base _ 2022-23).xlsx,
national_income,constant prices (2022-23),8. Discrepancies,2022-12-01,All India,75256.2480791649,INR crore,quarterly,Quarterly Estimates of Gross Domestic Product (At Constant Prices) New Series (Base _ 2022-23).xlsx,
national_income,constant prices (2022-23),8. Discrepancies,2023-03-01,All India,111286.860499965,INR crore,quarterly,Quarterly Estimates of Gross Domestic Product (At Constant Prices) New Series (Base _ 2022-23).xlsx,
national_income,constant prices (2022-23),8. Discrepancies,2023-06-01,All India,24469.6464491058,INR crore,quarterly,Quarterly Estimates of Gross Domestic Product (At Constant Prices) New Series (Base _ 2022-23).xlsx,
national_income,constant prices (2022-23),8. Discrepancies,2023-09-01,All India,57512.2595467167,INR crore,quarterly,Quarterly Estimates of Gross Domestic Product (At Constant Prices) New Series (Base _ 2022-23).xlsx,
national_income,constant prices (2022-23),8. Discrepancies,2023-12-01,All India,131313.816665785,INR crore,quarterly,Quarterly Estimates of Gross Domestic Product (At Constant Prices) New Series (Base _ 2022-23).xlsx,
national_income,constant prices (2022-23),8. Discrepancies,2024-03-01,All India,-107878.120174263,INR crore,quarterly,Quarterly Estimates of Gross Domestic Product (At Constant Prices) New Series (Base _ 2022-23).xlsx,
national_income,constant prices (2022-23),8. Discrepancies,2024-06-01,All India,128778.421046055,INR crore,quarterly,Quarterly Estimates of Gross Domestic Product (At Constant Prices) New Series (Base _ 2022-23).xlsx,
national_income,constant prices (2022-23),8. Discrepancies,2024-09-01,All India,85093.9119393276,INR crore,quarterly,Quarterly Estimates of Gross Domestic Product (At Constant Prices) New Series (Base _ 2022-23).xlsx,
national_income,constant prices (2022-23),8. Discrepancies,2024-12-01,All India,96989.3661149908,INR crore,quarterly,Quarterly Estimates of Gross Domestic Product (At Constant Prices) New Series (Base _ 2022-23).xlsx,
national_income,constant prices (2022-23),8. Discrepancies,2025-03-01,All India,36787.9922745014,INR crore,quarterly,Quarterly Estimates of Gross Domestic Product (At Constant Prices) New Series (Base _ 2022-23).xlsx,
national_income,constant prices (2022-23),8. Discrepancies,2025-06-01,All India,146791.759096779,INR crore,quarterly,Quarterly Estimates of Gross Domestic Product (At Constant Prices) New Series (Base _ 2022-23).xlsx,
national_income,constant prices (2022-23),8. Discrepancies,2025-09-01,All India,126449.4373514,INR crore,quarterly,Quarterly Estimates of Gross Domestic Product (At Constant Prices) New Series (Base _ 2022-23).xlsx,
national_income,constant prices (2022-23),8. Discrepancies,2025-12-01,All India,143482.704727249,INR crore,quarterly,Quarterly Estimates of Gross Domestic Product (At Constant Prices) New Series (Base _ 2022-23).xlsx,
national_income,constant prices (2022-23),8. Discrepancies,2026-03-01,All India,-26814.8139562178,INR crore,quarterly,Quarterly Estimates of Gross Domestic Product (At Constant Prices) New Series (Base _ 2022-23).xlsx,
national_income,constant prices (2022-23),9. Gross Domestic Product,2022-06-01,All India,6159720.42742299,INR crore,quarterly,Quarterly Estimates of Gross Domestic Product (At Constant Prices) New Series (Base _ 2022-23).xlsx,
national_income,constant prices (2022-23),9. Gross Domestic Product,2022-09-01,All India,6061356.99481853,INR crore,quarterly,Quarterly Estimates of Gross Domestic Product (At Constant Prices) New Series (Base _ 2022-23).xlsx,
national_income,constant prices (2022-23),9. Gross Domestic Product,2022-12-01,All India,6819597.10540657,INR crore,quarterly,Quarterly Estimates of Gross Domestic Product (At Constant Prices) New Series (Base _ 2022-23).xlsx,
national_income,constant prices (2022-23),9. Gross Domestic Product,2023-03-01,All India,7076952.63427294,INR crore,quarterly,Quarterly Estimates of Gross Domestic Product (At Constant Prices) New Series (Base _ 2022-23).xlsx,
national_income,constant prices (2022-23),9. Gross Domestic Product,2023-06-01,All India,6565078.86785606,INR crore,quarterly,Quarterly Estimates of Gross Domestic Product (At Constant Prices) New Series (Base _ 2022-23).xlsx,
national_income,constant prices (2022-23),9. Gross Domestic Product,2023-09-01,All India,6524194.74362646,INR crore,quarterly,Quarterly Estimates of Gross Domestic Product (At Constant Prices) New Series (Base _ 2022-23).xlsx,
national_income,constant prices (2022-23),9. Gross Domestic Product,2023-12-01,All India,7303045.37210593,INR crore,quarterly,Quarterly Estimates of Gross Domestic Product (At Constant Prices) New Series (Base _ 2022-23).xlsx,
national_income,constant prices (2022-23),9. Gross Domestic Product,2024-03-01,All India,7608447.94919601,INR crore,quarterly,Quarterly Estimates of Gross Domestic Product (At Constant Prices) New Series (Base _ 2022-23).xlsx,
national_income,constant prices (2022-23),9. Gross Domestic Product,2024-06-01,All India,7054578.78952819,INR crore,quarterly,Quarterly Estimates of Gross Domestic Product (At Constant Prices) New Series (Base _ 2022-23).xlsx,
national_income,constant prices (2022-23),9. Gross Domestic Product,2024-09-01,All India,6953869.98372404,INR crore,quarterly,Quarterly Estimates of Gross Domestic Product (At Constant Prices) New Series (Base _ 2022-23).xlsx,
national_income,constant prices (2022-23),9. Gross Domestic Product,2024-12-01,All India,7840573.24574845,INR crore,quarterly,Quarterly Estimates of Gross Domestic Product (At Constant Prices) New Series (Base _ 2022-23).xlsx,
national_income,constant prices (2022-23),9. Gross Domestic Product,2025-03-01,All India,8139597.50167161,INR crore,quarterly,Quarterly Estimates of Gross Domestic Product (At Constant Prices) New Series (Base _ 2022-23).xlsx,
national_income,constant prices (2022-23),9. Gross Domestic Product,2025-06-01,All India,7535572.35443031,INR crore,quarterly,Quarterly Estimates of Gross Domestic Product (At Constant Prices) New Series (Base _ 2022-23).xlsx,
national_income,constant prices (2022-23),9. Gross Domestic Product,2025-09-01,All India,7534422.70976167,INR crore,quarterly,Quarterly Estimates of Gross Domestic Product (At Constant Prices) New Series (Base _ 2022-23).xlsx,
national_income,constant prices (2022-23),9. Gross Domestic Product,2025-12-01,All India,8464935.17007267,INR crore,quarterly,Quarterly Estimates of Gross Domestic Product (At Constant Prices) New Series (Base _ 2022-23).xlsx,
national_income,constant prices (2022-23),9. Gross Domestic Product,2026-03-01,All India,8777104.00674374,INR crore,quarterly,Quarterly Estimates of Gross Domestic Product (At Constant Prices) New Series (Base _ 2022-23).xlsx,
national_income,current prices (2022-23),1. PFCE,2022-06-01,All India,3405615.15561737,INR crore,quarterly,Quarterly Estimates of Gross Domestic Product (At Current Prices) New Series (Base _ 2022-23).xlsx,
national_income,current prices (2022-23),1. PFCE,2022-09-01,All India,3364740.27038148,INR crore,quarterly,Quarterly Estimates of Gross Domestic Product (At Current Prices) New Series (Base _ 2022-23).xlsx,
national_income,current prices (2022-23),1. PFCE,2022-12-01,All India,3970635.55511702,INR crore,quarterly,Quarterly Estimates of Gross Domestic Product (At Current Prices) New Series (Base _ 2022-23).xlsx,
national_income,current prices (2022-23),1. PFCE,2023-03-01,All India,4181837.36376304,INR crore,quarterly,Quarterly Estimates of Gross Domestic Product (At Current Prices) New Series (Base _ 2022-23).xlsx,
national_income,current prices (2022-23),1. PFCE,2023-06-01,All India,3754428.5456381,INR crore,quarterly,Quarterly Estimates of Gross Domestic Product (At Current Prices) New Series (Base _ 2022-23).xlsx,
national_income,current prices (2022-23),1. PFCE,2023-09-01,All India,3697455.50976675,INR crore,quarterly,Quarterly Estimates of Gross Domestic Product (At Current Prices) New Series (Base _ 2022-23).xlsx,
national_income,current prices (2022-23),1. PFCE,2023-12-01,All India,4334080.327626,INR crore,quarterly,Quarterly Estimates of Gross Domestic Product (At Current Prices) New Series (Base _ 2022-23).xlsx,
national_income,current prices (2022-23),1. PFCE,2024-03-01,All India,4590860.31120887,INR crore,quarterly,Quarterly Estimates of Gross Domestic Product (At Current Prices) New Series (Base _ 2022-23).xlsx,
national_income,current prices (2022-23),1. PFCE,2024-06-01,All India,4117900.71328022,INR crore,quarterly,Quarterly Estimates of Gross Domestic Product (At Current Prices) New Series (Base _ 2022-23).xlsx,
national_income,current prices (2022-23),1. PFCE,2024-09-01,All India,4031304.45033765,INR crore,quarterly,Quarterly Estimates of Gross Domestic Product (At Current Prices) New Series (Base _ 2022-23).xlsx,
national_income,current prices (2022-23),1. PFCE,2024-12-01,All India,4801174.21125504,INR crore,quarterly,Quarterly Estimates of Gross Domestic Product (At Current Prices) New Series (Base _ 2022-23).xlsx,
national_income,current prices (2022-23),1. PFCE,2025-03-01,All India,5020229.23360597,INR crore,quarterly,Quarterly Estimates of Gross Domestic Product (At Current Prices) New Series (Base _ 2022-23).xlsx,
national_income,current prices (2022-23),1. PFCE,2025-06-01,All India,4540582.11201305,INR crore,quarterly,Quarterly Estimates of Gross Domestic Product (At Current Prices) New Series (Base _ 2022-23).xlsx,
national_income,current prices (2022-23),1. PFCE,2025-09-01,All India,4403098.96452183,INR crore,quarterly,Quarterly Estimates of Gross Domestic Product (At Current Prices) New Series (Base _ 2022-23).xlsx,
national_income,current prices (2022-23),1. PFCE,2025-12-01,All India,5211294.80135929,INR crore,quarterly,Quarterly Estimates of Gross Domestic Product (At Current Prices) New Series (Base _ 2022-23).xlsx,
national_income,current prices (2022-23),1. PFCE,2026-03-01,All India,5495924.75571816,INR crore,quarterly,Quarterly Estimates of Gross Domestic Product (At Current Prices) New Series (Base _ 2022-23).xlsx,
national_income,current prices (2022-23),2. GFCE,2022-06-01,All India,733097.724591671,INR crore,quarterly,Quarterly Estimates of Gross Domestic Product (At Current Prices) New Series (Base _ 2022-23).xlsx,
national_income,current prices (2022-23),2. GFCE,2022-09-01,All India,736920.864939286,INR crore,quarterly,Quarterly Estimates of Gross Domestic Product (At Current Prices) New Series (Base _ 2022-23).xlsx,
national_income,current prices (2022-23),2. GFCE,2022-12-01,All India,707265.779379008,INR crore,quarterly,Quarterly Estimates of Gross Domestic Product (At Current Prices) New Series (Base _ 2022-23).xlsx,
national_income,current prices (2022-23),2. GFCE,2023-03-01,All India,713624.475013414,INR crore,quarterly,Quarterly Estimates of Gross Domestic Product (At Current Prices) New Series (Base _ 2022-23).xlsx,
national_income,current prices (2022-23),2. GFCE,2023-06-01,All India,779401.724899907,INR crore,quarterly,Quarterly Estimates of Gross Domestic Product (At Current Prices) New Series (Base _ 2022-23).xlsx,
national_income,current prices (2022-23),2. GFCE,2023-09-01,All India,773805.237089266,INR crore,quarterly,Quarterly Estimates of Gross Domestic Product (At Current Prices) New Series (Base _ 2022-23).xlsx,
national_income,current prices (2022-23),2. GFCE,2023-12-01,All India,754745.148109369,INR crore,quarterly,Quarterly Estimates of Gross Domestic Product (At Current Prices) New Series (Base _ 2022-23).xlsx,
national_income,current prices (2022-23),2. GFCE,2024-03-01,All India,765935.842091576,INR crore,quarterly,Quarterly Estimates of Gross Domestic Product (At Current Prices) New Series (Base _ 2022-23).xlsx,
national_income,current prices (2022-23),2. GFCE,2024-06-01,All India,893436.622292709,INR crore,quarterly,Quarterly Estimates of Gross Domestic Product (At Current Prices) New Series (Base _ 2022-23).xlsx,
national_income,current prices (2022-23),2. GFCE,2024-09-01,All India,861227.187611628,INR crore,quarterly,Quarterly Estimates of Gross Domestic Product (At Current Prices) New Series (Base _ 2022-23).xlsx,
national_income,current prices (2022-23),2. GFCE,2024-12-01,All India,850054.615208716,INR crore,quarterly,Quarterly Estimates of Gross Domestic Product (At Current Prices) New Series (Base _ 2022-23).xlsx,
national_income,current prices (2022-23),2. GFCE,2025-03-01,All India,790617.853254427,INR crore,quarterly,Quarterly Estimates of Gross Domestic Product (At Current Prices) New Series (Base _ 2022-23).xlsx,
national_income,current prices (2022-23),2. GFCE,2025-06-01,All India,942078.241867412,INR crore,quarterly,Quarterly Estimates of Gross Domestic Product (At Current Prices) New Series (Base _ 2022-23).xlsx,
national_income,current prices (2022-23),2. GFCE,2025-09-01,All India,926256.373481486,INR crore,quarterly,Quarterly Estimates of Gross Domestic Product (At Current Prices) New Series (Base _ 2022-23).xlsx,
national_income,current prices (2022-23),2. GFCE,2025-12-01,All India,926391.818357632,INR crore,quarterly,Quarterly Estimates of Gross Domestic Product (At Current Prices) New Series (Base _ 2022-23).xlsx,
national_income,current prices (2022-23),2. GFCE,2026-03-01,All India,896294.677847379,INR crore,quarterly,Quarterly Estimates of Gross Domestic Product (At Current Prices) New Series (Base _ 2022-23).xlsx,
national_income,current prices (2022-23),3. GFCF,2022-06-01,All India,2000108.15092663,INR crore,quarterly,Quarterly Estimates of Gross Domestic Product (At Current Prices) New Series (Base _ 2022-23).xlsx,
national_income,current prices (2022-23),3. GFCF,2022-09-01,All India,2077284.08826277,INR crore,quarterly,Quarterly Estimates of Gross Domestic Product (At Current Prices) New Series (Base _ 2022-23).xlsx,
national_income,current prices (2022-23),3. GFCF,2022-12-01,All India,2127235.05801495,INR crore,quarterly,Quarterly Estimates of Gross Domestic Product (At Current Prices) New Series (Base _ 2022-23).xlsx,
national_income,current prices (2022-23),3. GFCF,2023-03-01,All India,2248878.61485015,INR crore,quarterly,Quarterly Estimates of Gross Domestic Product (At Current Prices) New Series (Base _ 2022-23).xlsx,
national_income,current prices (2022-23),3. GFCF,2023-06-01,All India,2192738.6683607,INR crore,quarterly,Quarterly Estimates of Gross Domestic Product (At Current Prices) New Series (Base _ 2022-23).xlsx,
national_income,current prices (2022-23),3. GFCF,2023-09-01,All India,2311099.43038884,INR crore,quarterly,Quarterly Estimates of Gross Domestic Product (At Current Prices) New Series (Base _ 2022-23).xlsx,
national_income,current prices (2022-23),3. GFCF,2023-12-01,All India,2315634.27451522,INR crore,quarterly,Quarterly Estimates of Gross Domestic Product (At Current Prices) New Series (Base _ 2022-23).xlsx,
national_income,current prices (2022-23),3. GFCF,2024-03-01,All India,2426279.68114613,INR crore,quarterly,Quarterly Estimates of Gross Domestic Product (At Current Prices) New Series (Base _ 2022-23).xlsx,
national_income,current prices (2022-23),3. GFCF,2024-06-01,All India,2389985.63103484,INR crore,quarterly,Quarterly Estimates of Gross Domestic Product (At Current Prices) New Series (Base _ 2022-23).xlsx,
national_income,current prices (2022-23),3. GFCF,2024-09-01,All India,2515840.59098806,INR crore,quarterly,Quarterly Estimates of Gross Domestic Product (At Current Prices) New Series (Base _ 2022-23).xlsx,
national_income,current prices (2022-23),3. GFCF,2024-12-01,All India,2518779.2286145,INR crore,quarterly,Quarterly Estimates of Gross Domestic Product (At Current Prices) New Series (Base _ 2022-23).xlsx,
national_income,current prices (2022-23),3. GFCF,2025-03-01,All India,2640321.64434557,INR crore,quarterly,Quarterly Estimates of Gross Domestic Product (At Current Prices) New Series (Base _ 2022-23).xlsx,
national_income,current prices (2022-23),3. GFCF,2025-06-01,All India,2553350.87794451,INR crore,quarterly,Quarterly Estimates of Gross Domestic Product (At Current Prices) New Series (Base _ 2022-23).xlsx,
national_income,current prices (2022-23),3. GFCF,2025-09-01,All India,2765104.33193867,INR crore,quarterly,Quarterly Estimates of Gross Domestic Product (At Current Prices) New Series (Base _ 2022-23).xlsx,
national_income,current prices (2022-23),3. GFCF,2025-12-01,All India,2756228.71841158,INR crore,quarterly,Quarterly Estimates of Gross Domestic Product (At Current Prices) New Series (Base _ 2022-23).xlsx,
national_income,current prices (2022-23),3. GFCF,2026-03-01,All India,2988959.76839461,INR crore,quarterly,Quarterly Estimates of Gross Domestic Product (At Current Prices) New Series (Base _ 2022-23).xlsx,
national_income,current prices (2022-23),4. Change in Stock,2022-06-01,All India,33173.69857414,INR crore,quarterly,Quarterly Estimates of Gross Domestic Product (At Current Prices) New Series (Base _ 2022-23).xlsx,
national_income,current prices (2022-23),4. Change in Stock,2022-09-01,All India,27737.0569001899,INR crore,quarterly,Quarterly Estimates of Gross Domestic Product (At Current Prices) New Series (Base _ 2022-23).xlsx,
national_income,current prices (2022-23),4. Change in Stock,2022-12-01,All India,47098.4298338479,INR crore,quarterly,Quarterly Estimates of Gross Domestic Product (At Current Prices) New Series (Base _ 2022-23).xlsx,
national_income,current prices (2022-23),4. Change in Stock,2023-03-01,All India,65361.2066960377,INR crore,quarterly,Quarterly Estimates of Gross Domestic Product (At Current Prices) New Series (Base _ 2022-23).xlsx,
national_income,current prices (2022-23),4. Change in Stock,2023-06-01,All India,79648.0990939263,INR crore,quarterly,Quarterly Estimates of Gross Domestic Product (At Current Prices) New Series (Base _ 2022-23).xlsx,
national_income,current prices (2022-23),4. Change in Stock,2023-09-01,All India,87493.6609210611,INR crore,quarterly,Quarterly Estimates of Gross Domestic Product (At Current Prices) New Series (Base _ 2022-23).xlsx,
national_income,current prices (2022-23),4. Change in Stock,2023-12-01,All India,102888.165073042,INR crore,quarterly,Quarterly Estimates of Gross Domestic Product (At Current Prices) New Series (Base _ 2022-23).xlsx,
national_income,current prices (2022-23),4. Change in Stock,2024-03-01,All India,108792.719504161,INR crore,quarterly,Quarterly Estimates of Gross Domestic Product (At Current Prices) New Series (Base _ 2022-23).xlsx,
national_income,current prices (2022-23),4. Change in Stock,2024-06-01,All India,96413.0750598789,INR crore,quarterly,Quarterly Estimates of Gross Domestic Product (At Current Prices) New Series (Base _ 2022-23).xlsx,
national_income,current prices (2022-23),4. Change in Stock,2024-09-01,All India,88530.8874654234,INR crore,quarterly,Quarterly Estimates of Gross Domestic Product (At Current Prices) New Series (Base _ 2022-23).xlsx,
national_income,current prices (2022-23),4. Change in Stock,2024-12-01,All India,97705.1685204191,INR crore,quarterly,Quarterly Estimates of Gross Domestic Product (At Current Prices) New Series (Base _ 2022-23).xlsx,
national_income,current prices (2022-23),4. Change in Stock,2025-03-01,All India,99651.3432909336,INR crore,quarterly,Quarterly Estimates of Gross Domestic Product (At Current Prices) New Series (Base _ 2022-23).xlsx,
national_income,current prices (2022-23),4. Change in Stock,2025-06-01,All India,97897.7231359878,INR crore,quarterly,Quarterly Estimates of Gross Domestic Product (At Current Prices) New Series (Base _ 2022-23).xlsx,
national_income,current prices (2022-23),4. Change in Stock,2025-09-01,All India,97300.3684517217,INR crore,quarterly,Quarterly Estimates of Gross Domestic Product (At Current Prices) New Series (Base _ 2022-23).xlsx,
national_income,current prices (2022-23),4. Change in Stock,2025-12-01,All India,108503.576964366,INR crore,quarterly,Quarterly Estimates of Gross Domestic Product (At Current Prices) New Series (Base _ 2022-23).xlsx,
national_income,current prices (2022-23),4. Change in Stock,2026-03-01,All India,112672.459827806,INR crore,quarterly,Quarterly Estimates of Gross Domestic Product (At Current Prices) New Series (Base _ 2022-23).xlsx,
national_income,current prices (2022-23),5. Valuables,2022-06-01,All India,100868.17184855,INR crore,quarterly,Quarterly Estimates of Gross Domestic Product (At Current Prices) New Series (Base _ 2022-23).xlsx,
national_income,current prices (2022-23),5. Valuables,2022-09-01,All India,116134.929899164,INR crore,quarterly,Quarterly Estimates of Gross Domestic Product (At Current Prices) New Series (Base _ 2022-23).xlsx,
national_income,current prices (2022-23),5. Valuables,2022-12-01,All India,79915.7849529439,INR crore,quarterly,Quarterly Estimates of Gross Domestic Product (At Current Prices) New Series (Base _ 2022-23).xlsx,
national_income,current prices (2022-23),5. Valuables,2023-03-01,All India,63749.377090666,INR crore,quarterly,Quarterly Estimates of Gross Domestic Product (At Current Prices) New Series (Base _ 2022-23).xlsx,
national_income,current prices (2022-23),5. Valuables,2023-06-01,All India,83302.954696881,INR crore,quarterly,Quarterly Estimates of Gross Domestic Product (At Current Prices) New Series (Base _ 2022-23).xlsx,
national_income,current prices (2022-23),5. Valuables,2023-09-01,All India,92786.9980575366,INR crore,quarterly,Quarterly Estimates of Gross Domestic Product (At Current Prices) New Series (Base _ 2022-23).xlsx,
national_income,current prices (2022-23),5. Valuables,2023-12-01,All India,100272.730344269,INR crore,quarterly,Quarterly Estimates of Gross Domestic Product (At Current Prices) New Series (Base _ 2022-23).xlsx,
national_income,current prices (2022-23),5. Valuables,2024-03-01,All India,99869.0386632582,INR crore,quarterly,Quarterly Estimates of Gross Domestic Product (At Current Prices) New Series (Base _ 2022-23).xlsx,
national_income,current prices (2022-23),5. Valuables,2024-06-01,All India,72496.0669370077,INR crore,quarterly,Quarterly Estimates of Gross Domestic Product (At Current Prices) New Series (Base _ 2022-23).xlsx,
national_income,current prices (2022-23),5. Valuables,2024-09-01,All India,169047.92147474,INR crore,quarterly,Quarterly Estimates of Gross Domestic Product (At Current Prices) New Series (Base _ 2022-23).xlsx,
national_income,current prices (2022-23),5. Valuables,2024-12-01,All India,146613.989079972,INR crore,quarterly,Quarterly Estimates of Gross Domestic Product (At Current Prices) New Series (Base _ 2022-23).xlsx,
national_income,current prices (2022-23),5. Valuables,2025-03-01,All India,89122.7727675381,INR crore,quarterly,Quarterly Estimates of Gross Domestic Product (At Current Prices) New Series (Base _ 2022-23).xlsx,
national_income,current prices (2022-23),5. Valuables,2025-06-01,All India,68094.2035809062,INR crore,quarterly,Quarterly Estimates of Gross Domestic Product (At Current Prices) New Series (Base _ 2022-23).xlsx,
national_income,current prices (2022-23),5. Valuables,2025-09-01,All India,168999.740748776,INR crore,quarterly,Quarterly Estimates of Gross Domestic Product (At Current Prices) New Series (Base _ 2022-23).xlsx,
national_income,current prices (2022-23),5. Valuables,2025-12-01,All India,221068.673155829,INR crore,quarterly,Quarterly Estimates of Gross Domestic Product (At Current Prices) New Series (Base _ 2022-23).xlsx,
national_income,current prices (2022-23),5. Valuables,2026-03-01,All India,236081.0496912,INR crore,quarterly,Quarterly Estimates of Gross Domestic Product (At Current Prices) New Series (Base _ 2022-23).xlsx,
national_income,current prices (2022-23),6. Exports,2022-06-01,All India,1535179.4270036,INR crore,quarterly,Quarterly Estimates of Gross Domestic Product (At Current Prices) New Series (Base _ 2022-23).xlsx,
national_income,current prices (2022-23),6. Exports,2022-09-01,All India,1530749.99497197,INR crore,quarterly,Quarterly Estimates of Gross Domestic Product (At Current Prices) New Series (Base _ 2022-23).xlsx,
national_income,current prices (2022-23),6. Exports,2022-12-01,All India,1553871.83195644,INR crore,quarterly,Quarterly Estimates of Gross Domestic Product (At Current Prices) New Series (Base _ 2022-23).xlsx,
national_income,current prices (2022-23),6. Exports,2023-03-01,All India,1658921.09239569,INR crore,quarterly,Quarterly Estimates of Gross Domestic Product (At Current Prices) New Series (Base _ 2022-23).xlsx,
national_income,current prices (2022-23),6. Exports,2023-06-01,All India,1524839.11992659,INR crore,quarterly,Quarterly Estimates of Gross Domestic Product (At Current Prices) New Series (Base _ 2022-23).xlsx,
national_income,current prices (2022-23),6. Exports,2023-09-01,All India,1583846.11748354,INR crore,quarterly,Quarterly Estimates of Gross Domestic Product (At Current Prices) New Series (Base _ 2022-23).xlsx,
national_income,current prices (2022-23),6. Exports,2023-12-01,All India,1618878.69106709,INR crore,quarterly,Quarterly Estimates of Gross Domestic Product (At Current Prices) New Series (Base _ 2022-23).xlsx,
national_income,current prices (2022-23),6. Exports,2024-03-01,All India,1751731.59864245,INR crore,quarterly,Quarterly Estimates of Gross Domestic Product (At Current Prices) New Series (Base _ 2022-23).xlsx,
national_income,current prices (2022-23),6. Exports,2024-06-01,All India,1700194.54622644,INR crore,quarterly,Quarterly Estimates of Gross Domestic Product (At Current Prices) New Series (Base _ 2022-23).xlsx,
national_income,current prices (2022-23),6. Exports,2024-09-01,All India,1625496.55178845,INR crore,quarterly,Quarterly Estimates of Gross Domestic Product (At Current Prices) New Series (Base _ 2022-23).xlsx,
national_income,current prices (2022-23),6. Exports,2024-12-01,All India,1801569.39585618,INR crore,quarterly,Quarterly Estimates of Gross Domestic Product (At Current Prices) New Series (Base _ 2022-23).xlsx,
national_income,current prices (2022-23),6. Exports,2025-03-01,All India,1890698.23087648,INR crore,quarterly,Quarterly Estimates of Gross Domestic Product (At Current Prices) New Series (Base _ 2022-23).xlsx,
national_income,current prices (2022-23),6. Exports,2025-06-01,All India,1797281.10872649,INR crore,quarterly,Quarterly Estimates of Gross Domestic Product (At Current Prices) New Series (Base _ 2022-23).xlsx,
national_income,current prices (2022-23),6. Exports,2025-09-01,All India,1838997.57533696,INR crore,quarterly,Quarterly Estimates of Gross Domestic Product (At Current Prices) New Series (Base _ 2022-23).xlsx,
national_income,current prices (2022-23),6. Exports,2025-12-01,All India,1986477.40046986,INR crore,quarterly,Quarterly Estimates of Gross Domestic Product (At Current Prices) New Series (Base _ 2022-23).xlsx,
national_income,current prices (2022-23),6. Exports,2026-03-01,All India,2049981.2802252,INR crore,quarterly,Quarterly Estimates of Gross Domestic Product (At Current Prices) New Series (Base _ 2022-23).xlsx,
national_income,current prices (2022-23),7. Imports,2022-06-01,All India,1707551.1721466,INR crore,quarterly,Quarterly Estimates of Gross Domestic Product (At Current Prices) New Series (Base _ 2022-23).xlsx,
national_income,current prices (2022-23),7. Imports,2022-09-01,All India,1804976.98860276,INR crore,quarterly,Quarterly Estimates of Gross Domestic Product (At Current Prices) New Series (Base _ 2022-23).xlsx,
national_income,current prices (2022-23),7. Imports,2022-12-01,All India,1749436.54563261,INR crore,quarterly,Quarterly Estimates of Gross Domestic Product (At Current Prices) New Series (Base _ 2022-23).xlsx,
national_income,current prices (2022-23),7. Imports,2023-03-01,All India,1700411.33781259,INR crore,quarterly,Quarterly Estimates of Gross Domestic Product (At Current Prices) New Series (Base _ 2022-23).xlsx,
national_income,current prices (2022-23),7. Imports,2023-06-01,All India,1643047.66886667,INR crore,quarterly,Quarterly Estimates of Gross Domestic Product (At Current Prices) New Series (Base _ 2022-23).xlsx,
national_income,current prices (2022-23),7. Imports,2023-09-01,All India,1735691.99595807,INR crore,quarterly,Quarterly Estimates of Gross Domestic Product (At Current Prices) New Series (Base _ 2022-23).xlsx,
national_income,current prices (2022-23),7. Imports,2023-12-01,All India,1792050.54274811,INR crore,quarterly,Quarterly Estimates of Gross Domestic Product (At Current Prices) New Series (Base _ 2022-23).xlsx,
national_income,current prices (2022-23),7. Imports,2024-03-01,All India,1776116.67678406,INR crore,quarterly,Quarterly Estimates of Gross Domestic Product (At Current Prices) New Series (Base _ 2022-23).xlsx,
national_income,current prices (2022-23),7. Imports,2024-06-01,All India,1807234.2430391,INR crore,quarterly,Quarterly Estimates of Gross Domestic Product (At Current Prices) New Series (Base _ 2022-23).xlsx,
national_income,current prices (2022-23),7. Imports,2024-09-01,All India,1932156.99048631,INR crore,quarterly,Quarterly Estimates of Gross Domestic Product (At Current Prices) New Series (Base _ 2022-23).xlsx,
national_income,current prices (2022-23),7. Imports,2024-12-01,All India,1969621.05643452,INR crore,quarterly,Quarterly Estimates of Gross Domestic Product (At Current Prices) New Series (Base _ 2022-23).xlsx,
national_income,current prices (2022-23),7. Imports,2025-03-01,All India,1877892.50948616,INR crore,quarterly,Quarterly Estimates of Gross Domestic Product (At Current Prices) New Series (Base _ 2022-23).xlsx,
national_income,current prices (2022-23),7. Imports,2025-06-01,All India,1915172.84940528,INR crore,quarterly,Quarterly Estimates of Gross Domestic Product (At Current Prices) New Series (Base _ 2022-23).xlsx,
national_income,current prices (2022-23),7. Imports,2025-09-01,All India,2105264.20290743,INR crore,quarterly,Quarterly Estimates of Gross Domestic Product (At Current Prices) New Series (Base _ 2022-23).xlsx,
national_income,current prices (2022-23),7. Imports,2025-12-01,All India,2233353.55002753,INR crore,quarterly,Quarterly Estimates of Gross Domestic Product (At Current Prices) New Series (Base _ 2022-23).xlsx,
national_income,current prices (2022-23),7. Imports,2026-03-01,All India,2186743.65937641,INR crore,quarterly,Quarterly Estimates of Gross Domestic Product (At Current Prices) New Series (Base _ 2022-23).xlsx,
national_income,current prices (2022-23),8. Discrepancies,2022-06-01,All India,-17500.6389389429,INR crore,quarterly,Quarterly Estimates of Gross Domestic Product (At Current Prices) New Series (Base _ 2022-23).xlsx,
national_income,current prices (2022-23),8. Discrepancies,2022-09-01,All India,35558.2425631294,INR crore,quarterly,Quarterly Estimates of Gross Domestic Product (At Current Prices) New Series (Base _ 2022-23).xlsx,
national_income,current prices (2022-23),8. Discrepancies,2022-12-01,All India,112055.516525069,INR crore,quarterly,Quarterly Estimates of Gross Domestic Product (At Current Prices) New Series (Base _ 2022-23).xlsx,
national_income,current prices (2022-23),8. Discrepancies,2023-03-01,All India,-130114.014031342,INR crore,quarterly,Quarterly Estimates of Gross Domestic Product (At Current Prices) New Series (Base _ 2022-23).xlsx,
national_income,current prices (2022-23),8. Discrepancies,2023-06-01,All India,-66901.8827571338,INR crore,quarterly,Quarterly Estimates of Gross Domestic Product (At Current Prices) New Series (Base _ 2022-23).xlsx,
national_income,current prices (2022-23),8. Discrepancies,2023-09-01,All India,-32564.1914659645,INR crore,quarterly,Quarterly Estimates of Gross Domestic Product (At Current Prices) New Series (Base _ 2022-23).xlsx,
national_income,current prices (2022-23),8. Discrepancies,2023-12-01,All India,145925.92839832,INR crore,quarterly,Quarterly Estimates of Gross Domestic Product (At Current Prices) New Series (Base _ 2022-23).xlsx,
national_income,current prices (2022-23),8. Discrepancies,2024-03-01,All India,-46458.2609359939,INR crore,quarterly,Quarterly Estimates of Gross Domestic Product (At Current Prices) New Series (Base _ 2022-23).xlsx,
national_income,current prices (2022-23),8. Discrepancies,2024-06-01,All India,-54386.3566928543,INR crore,quarterly,Quarterly Estimates of Gross Domestic Product (At Current Prices) New Series (Base _ 2022-23).xlsx,
national_income,current prices (2022-23),8. Discrepancies,2024-09-01,All India,18647.8105745539,INR crore,quarterly,Quarterly Estimates of Gross Domestic Product (At Current Prices) New Series (Base _ 2022-23).xlsx,
national_income,current prices (2022-23),8. Discrepancies,2024-12-01,All India,99614.9357757484,INR crore,quarterly,Quarterly Estimates of Gross Domestic Product (At Current Prices) New Series (Base _ 2022-23).xlsx,
national_income,current prices (2022-23),8. Discrepancies,2025-03-01,All India,21925.1062970478,INR crore,quarterly,Quarterly Estimates of Gross Domestic Product (At Current Prices) New Series (Base _ 2022-23).xlsx,
national_income,current prices (2022-23),8. Discrepancies,2025-06-01,All India,-40051.6383323865,INR crore,quarterly,Quarterly Estimates of Gross Domestic Product (At Current Prices) New Series (Base _ 2022-23).xlsx,
national_income,current prices (2022-23),8. Discrepancies,2025-09-01,All India,-83953.797291995,INR crore,quarterly,Quarterly Estimates of Gross Domestic Product (At Current Prices) New Series (Base _ 2022-23).xlsx,
national_income,current prices (2022-23),8. Discrepancies,2025-12-01,All India,138987.956792653,INR crore,quarterly,Quarterly Estimates of Gross Domestic Product (At Current Prices) New Series (Base _ 2022-23).xlsx,
national_income,current prices (2022-23),8. Discrepancies,2026-03-01,All India,-127730.37851681,INR crore,quarterly,Quarterly Estimates of Gross Domestic Product (At Current Prices) New Series (Base _ 2022-23).xlsx,
national_income,current prices (2022-23),9. Gross Domestic Product,2022-06-01,All India,6082990.51747642,INR crore,quarterly,Quarterly Estimates of Gross Domestic Product (At Current Prices) New Series (Base _ 2022-23).xlsx,
national_income,current prices (2022-23),9. Gross Domestic Product,2022-09-01,All India,6084148.45931523,INR crore,quarterly,Quarterly Estimates of Gross Domestic Product (At Current Prices) New Series (Base _ 2022-23).xlsx,
national_income,current prices (2022-23),9. Gross Domestic Product,2022-12-01,All India,6848641.41014666,INR crore,quarterly,Quarterly Estimates of Gross Domestic Product (At Current Prices) New Series (Base _ 2022-23).xlsx,
national_income,current prices (2022-23),9. Gross Domestic Product,2023-03-01,All India,7101846.77796507,INR crore,quarterly,Quarterly Estimates of Gross Domestic Product (At Current Prices) New Series (Base _ 2022-23).xlsx,
national_income,current prices (2022-23),9. Gross Domestic Product,2023-06-01,All India,6704409.5609923,INR crore,quarterly,Quarterly Estimates of Gross Domestic Product (At Current Prices) New Series (Base _ 2022-23).xlsx,
national_income,current prices (2022-23),9. Gross Domestic Product,2023-09-01,All India,6778230.76628295,INR crore,quarterly,Quarterly Estimates of Gross Domestic Product (At Current Prices) New Series (Base _ 2022-23).xlsx,
national_income,current prices (2022-23),9. Gross Domestic Product,2023-12-01,All India,7580374.7223852,INR crore,quarterly,Quarterly Estimates of Gross Domestic Product (At Current Prices) New Series (Base _ 2022-23).xlsx,
national_income,current prices (2022-23),9. Gross Domestic Product,2024-03-01,All India,7920894.2535364,INR crore,quarterly,Quarterly Estimates of Gross Domestic Product (At Current Prices) New Series (Base _ 2022-23).xlsx,
national_income,current prices (2022-23),9. Gross Domestic Product,2024-06-01,All India,7408806.05509915,INR crore,quarterly,Quarterly Estimates of Gross Domestic Product (At Current Prices) New Series (Base _ 2022-23).xlsx,
national_income,current prices (2022-23),9. Gross Domestic Product,2024-09-01,All India,7377938.40975419,INR crore,quarterly,Quarterly Estimates of Gross Domestic Product (At Current Prices) New Series (Base _ 2022-23).xlsx,
national_income,current prices (2022-23),9. Gross Domestic Product,2024-12-01,All India,8345890.48787606,INR crore,quarterly,Quarterly Estimates of Gross Domestic Product (At Current Prices) New Series (Base _ 2022-23).xlsx,
national_income,current prices (2022-23),9. Gross Domestic Product,2025-03-01,All India,8674673.67495181,INR crore,quarterly,Quarterly Estimates of Gross Domestic Product (At Current Prices) New Series (Base _ 2022-23).xlsx,
national_income,current prices (2022-23),9. Gross Domestic Product,2025-06-01,All India,8044059.77953069,INR crore,quarterly,Quarterly Estimates of Gross Domestic Product (At Current Prices) New Series (Base _ 2022-23).xlsx,
national_income,current prices (2022-23),9. Gross Domestic Product,2025-09-01,All India,8010539.35428002,INR crore,quarterly,Quarterly Estimates of Gross Domestic Product (At Current Prices) New Series (Base _ 2022-23).xlsx,
national_income,current prices (2022-23),9. Gross Domestic Product,2025-12-01,All India,9115599.39548368,INR crore,quarterly,Quarterly Estimates of Gross Domestic Product (At Current Prices) New Series (Base _ 2022-23).xlsx,
national_income,current prices (2022-23),9. Gross Domestic Product,2026-03-01,All India,9465439.95381113,INR crore,quarterly,Quarterly Estimates of Gross Domestic Product (At Current Prices) New Series (Base _ 2022-23).xlsx,
